,Male,Female
Male,0.9650210926312176,0.9686599784403812
Female,0.9569716642720925,0.9760262592310995
