,Male,Female
Male,0.9946025447508864,0.9960522563315723
Female,0.9919729124652628,0.9971079578382358
